Product_names,Prices,Store_names,Store_links,Shipping_prices,Extra_discounts,Items_sold,Original_prices,Shipping_free_statuses
Notebook 15.6 inch Laptop Windows 11 10 Pro 1920*1080 Cheap Portable Intel Laptop D4 16G RAM 128GB/256GB/512GB/1TB SSD HDMI Port ,333215.87,Baby Doing Buy Store,//www.aliexpress.com/store/5881464,,,390,,
Adreamer Laptop 13.3 Inch Portable Laptops Low Price With Intel CPU 2.5K FHD IPS 8GB 1T SSD  2.5K FHD Display Notebook ,342462.24,ADREAMER Global Store,//www.aliexpress.com/store/1102333380,,"Save NGN418,566.98",461,,
FIREBAT A14 Laptop Intel N5095 14.1 Inch 16GB LPDDR4 RAM 512GB 1TB SSD Lightweight Business Computer Notebook FHD Fingerprint ,477753.76,Stone's Store,//www.aliexpress.com/store/1103573332,"Free shipping over NGN18,237.42",,354,"NGN975,009.39","Free shipping over NGN18,237.42"
2025 New Global Version Original Pro 13 Tablet 16G+1TB 10.1inch HD 4K Android 15 10000mAh 5G Dual SIM Phone Call WiFi GPS Tablet ,146162.47,Tablet Factory Discount Store,//www.aliexpress.com/store/1104421035,,,6,,
"CHUWI MiniBook X Laptop Tablet 2 In 1 Intel N100 /N5100 10.51"" FHD IPS Screen 12GB LPDDR5 512G SSD Windows 11 Notebook 1200*1920 ",620485.07,Big Save Store,https://www.aliexpress.com/ssr/300001505/rEkz8fMwjY?productIds=1005008043078341&pha_manifest=ssr&_immersiveMode=true&disableNav=YES,"Free shipping over NGN18,237.42","Save NGN620,485.07",800+,,"Free shipping over NGN18,237.42"
BYONE 11.6 Inch Mini Laptop Intel Celeron N4000 8GB RAM 128GB 256GB SSD Wifi Office Study Pink Portable Ultraslim Pocket Laptops ,255159.71,BYONE Official Store,//www.aliexpress.com/store/900254088,Free shipping,Extra 2% off with coins,76,,Free shipping
10.9 Inch Mini Laptop Intel N95 YOGA Touchscreens 16GB DDR5 2TB SSD HD Camera Backlit Keyboard 360° Fold Protable Tablet Laptop ,499249.32,YSJMNPC Official Store,//www.aliexpress.com/store/1100370457,,,108,,
Global Version Original Xioami Pad 7S Pro Tablet 11inch HD 4K Android 14 22GB+2T 20000mAh 5G Dual SIM Bluetooth WiFi GPS Tablet ,179609.47,Shop1104055985 Store,//www.aliexpress.com/store/1104055985,Free shipping,Extra 5% off with coins,79,,Free shipping
GMOLO 14inch Windows 10 Notebook Laptop 6GB RAM 64GB +128GB/256GB SSD USB 3.0 WiFi Bluetooth Camera Thin Ultrabook Cheap Netbook ,251585.18,LAPTOP Shop Store,//www.aliexpress.com/store/316137,,,16,,
